Workbook
Name Slicer_Scheme: #N/A

Sheet Comparative Summary
A1: Comparative Summary Canara vs Peer Schemes
A4: Scheme | B4: Annualised Return | C4: Annualised Std Dev (Risk) | D4: Beta | E4: Sharpe Ratio | F4: Treynor Ratio | G4: Jensen's Alpha
A5: ='Performance Metrics'!A11 -> Canara Robeco | B5: ='Performance Metrics'!B11 -> 0.090589353 | C5: ='Performance Metrics'!C11 -> 0.13700581 | D5: ='Performance Metrics'!D11 -> 0.90837894 | E5: ='Performance Metrics'!E11 -> 0.18677568 | F5: ='Performance Metrics'!F11 -> 0.02817035 | G5: ='Performance Metrics'!G11 -> -0.012329963
A6: ='Performance Metrics'!A12 -> HDFC | B6: ='Performance Metrics'!B12 -> 0.16590725 | C6: ='Performance Metrics'!C12 -> 0.12792596 | D6: ='Performance Metrics'!D12 -> 0.81058045 | E6: ='Performance Metrics'!E12 -> 0.78879422 | F6: ='Performance Metrics'!F12 -> 0.12448765 | G6: ='Performance Metrics'!G12 -> 0.067070432
A7: ='Performance Metrics'!A13 -> Parag Parikh | B7: ='Performance Metrics'!B13 -> 0.11718238 | C7: ='Performance Metrics'!C13 -> 0.10649327 | D7: ='Performance Metrics'!D13 -> 0.64228369 | E7: ='Performance Metrics'!E13 -> 0.49000632 | F7: ='Performance Metrics'!F13 -> 0.081245057 | G7: ='Performance Metrics'!G13 -> 0.025370923
A8: ='Performance Metrics'!A14 -> Nifty 500 TRI (Benchmark) | B8: ='Performance Metrics'!B14 -> 0.10674394 | C8: ='Performance Metrics'!C14 -> 0.14665464 | D8: ='Performance Metrics'!D14 -> 1 | E8: ='Performance Metrics'!E14 -> 0.28464112 | F8: ='Performance Metrics'!F14 -> — | G8: ='Performance Metrics'!G14 -> 0

Sheet Performance Metrics
A1: Performance Metrics Canara vs Peers (HDFC, Parag Parikh) vs Benchmark (Nifty 500 TRI)
A3: Assumptions (edit as needed):
A4: Risk-free rate (annualised) | B4: 0.065 | C4: Source: RBI 91-day T-Bill cut-off yield
A5: Return frequency | B5: Monthly
A6: Period | B6: =TEXT('Monthly NAV'!A5,"mmm-yyyy")&" to "&TEXT('Monthly NAV'!A63,"mmm-yyyy") -> Oct-2021 to Aug-2026
A7: Number of years (actual) | B7: =('Monthly NAV'!A63-'Monthly NAV'!A5)/365.25 -> 4.8323066
A8: Data source (NAV & benchmark) | B8: AMFI / scheme factsheet (fund NAVs); NSE Indices (Nifty 500 TRI) — as provided in raw data sheets
A10: Scheme | B10: Annualised Return | C10: Annualised Std Dev (Risk) | D10: Beta | E10: Sharpe Ratio | F10: Treynor Ratio | G10: Jensen's Alpha
A11: Canara Robeco | B11: =('Monthly NAV'!C63/'Monthly NAV'!C5)^(1/$B$7)-1 -> 0.090589353 | C11: =STDEV('Monthly NAV'!D6:D63)*SQRT(12) -> 0.13700581 | D11: =SLOPE('Monthly NAV'!D6:D63,'Monthly NAV'!M6:M63) -> 0.90837894 | E11: =(B11-$B$4)/C11 -> 0.18677568 | F11: =(B11-$B$4)/D11 -> 0.02817035 | G11: =B11-($B$4+D11*($B$14-$B$4)) -> -0.012329963
A12: HDFC | B12: =('Monthly NAV'!F63/'Monthly NAV'!F5)^(1/$B$7)-1 -> 0.16590725 | C12: =STDEV('Monthly NAV'!G6:G63)*SQRT(12) -> 0.12792596 | D12: =SLOPE('Monthly NAV'!G6:G63,'Monthly NAV'!M6:M63) -> 0.81058045 | E12: =(B12-$B$4)/C12 -> 0.78879422 | F12: =(B12-$B$4)/D12 -> 0.12448765 | G12: =B12-($B$4+D12*($B$14-$B$4)) -> 0.067070432
A13: Parag Parikh | B13: =('Monthly NAV'!I63/'Monthly NAV'!I5)^(1/$B$7)-1 -> 0.11718238 | C13: =STDEV('Monthly NAV'!J6:J63)*SQRT(12) -> 0.10649327 | D13: =SLOPE('Monthly NAV'!J6:J63,'Monthly NAV'!M6:M63) -> 0.64228369 | E13: =(B13-$B$4)/C13 -> 0.49000632 | F13: =(B13-$B$4)/D13 -> 0.081245057 | G13: =B13-($B$4+D13*($B$14-$B$4)) -> 0.025370923
A14: Nifty 500 TRI (Benchmark) | B14: =('Monthly NAV'!L63/'Monthly NAV'!L5)^(1/$B$7)-1 -> 0.10674394 | C14: =STDEV('Monthly NAV'!M6:M63)*SQRT(12) -> 0.14665464 | D14: 1 | E14: =(B14-$B$4)/C14 -> 0.28464112 | F14: — | G14: 0

Sheet Monthly NAV
A4: Target Month-End | B4: Canara Date Used | C4: Canara NAV | D4: Canara Monthly Return | E4: HDFC Date Used | F4: HDFC NAV | G4: HDFC Monthly Return | H4: Parag Parikh Date Used | I4: Parag Parikh NAV | J4: Parag Parikh Monthly Return | K4: Nifty 500 TRI Date Used | L4: Nifty 500 TRI Level | M4: Nifty 500 TRI Monthly Return
A5: 44500 | B5: =SUMPRODUCT(MAX((canara!$A$2:$A$1217<=$A5)*canara!$A$2:$A$1217)) -> 44498 | C5: =INDEX(canara!$B$2:$B$1217, MATCH(B5, canara!$A$2:$A$1217, 0)) -> 229.1 | E5: =SUMPRODUCT(MAX((hdfc!$A$2:$A$1217<=$A5)*hdfc!$A$2:$A$1217)) -> 44498 | F5: =INDEX(hdfc!$B$2:$B$1217, MATCH(E5, hdfc!$A$2:$A$1217, 0)) -> 996.336 | H5: =SUMPRODUCT(MAX(('parag parikh'!$A$2:$A$1217<=$A5)*'parag parikh'!$A$2:$A$1217)) -> 44498 | I5: =INDEX('parag parikh'!$B$2:$B$1217, MATCH(H5, 'parag parikh'!$A$2:$A$1217, 0)) -> 53.144 | K5: =SUMPRODUCT(MAX(('Nifty 500 TRI '!$A$2:$A$1217<=$A5)*'Nifty 500 TRI '!$A$2:$A$1217)) -> 44498 | L5: =INDEX('Nifty 500 TRI '!$B$2:$B$1217, MATCH(K5, 'Nifty 500 TRI '!$A$2:$A$1217, 0)) -> 23100.97
A6: 44530 | B6: =SUMPRODUCT(MAX((canara!$A$2:$A$1217<=$A6)*canara!$A$2:$A$1217)) -> 44530 | C6: =INDEX(canara!$B$2:$B$1217, MATCH(B6, canara!$A$2:$A$1217, 0)) -> 222.2 | D6: =C6/C5-1 -> -0.030117852 | E6: =SUMPRODUCT(MAX((hdfc!$A$2:$A$1217<=$A6)*hdfc!$A$2:$A$1217)) -> 44530 | F6: =INDEX(hdfc!$B$2:$B$1217, MATCH(E6, hdfc!$A$2:$A$1217, 0)) -> 955.607 | G6: =F6/F5-1 -> -0.04087878 | H6: =SUMPRODUCT(MAX(('parag parikh'!$A$2:$A$1217<=$A6)*'parag parikh'!$A$2:$A$1217)) -> 44530 | I6: =INDEX('parag parikh'!$B$2:$B$1217, MATCH(H6, 'parag parikh'!$A$2:$A$1217, 0)) -> 53.176 | J6: =I6/I5-1 -> 0.00060213759 | K6: =SUMPRODUCT(MAX(('Nifty 500 TRI '!$A$2:$A$1217<=$A6)*'Nifty 500 TRI '!$A$2:$A$1217)) -> 44530 | L6: =INDEX('Nifty 500 TRI '!$B$2:$B$1217, MATCH(K6, 'Nifty 500 TRI '!$A$2:$A$1217, 0)) -> 22447.74 | M6: =L6/L5-1 -> -0.028277168
A7: 44561 | B7: =SUMPRODUCT(MAX((canara!$A$2:$A$1217<=$A7)*canara!$A$2:$A$1217)) -> 44561 | C7: =INDEX(canara!$B$2:$B$1217, MATCH(B7, canara!$A$2:$A$1217, 0)) -> 229.26 | D7: =C7/C6-1 -> 0.031773177 | E7: =SUMPRODUCT(MAX((hdfc!$A$2:$A$1217<=$A7)*hdfc!$A$2:$A$1217)) -> 44561 | F7: =INDEX(hdfc!$B$2:$B$1217, MATCH(E7, hdfc!$A$2:$A$1217, 0)) -> 974.891 | G7: =F7/F6-1 -> 0.020179844 | H7: =SUMPRODUCT(MAX(('parag parikh'!$A$2:$A$1217<=$A7)*'parag parikh'!$A$2:$A$1217)) -> 44561 | I7: =INDEX('parag parikh'!$B$2:$B$1217, MATCH(H7, 'parag parikh'!$A$2:$A$1217, 0)) -> 54.458 | J7: =I7/I6-1 -> 0.02410862 | K7: =SUMPRODUCT(MAX(('Nifty 500 TRI '!$A$2:$A$1217<=$A7)*'Nifty 500 TRI '!$A$2:$A$1217)) -> 44561 | L7: =INDEX('Nifty 500 TRI '!$B$2:$B$1217, MATCH(K7, 'Nifty 500 TRI '!$A$2:$A$1217, 0)) -> 22990.88 | M7: =L7/L6-1 -> 0.024195754
A8: 44592 | B8: =SUMPRODUCT(MAX((canara!$A$2:$A$1217<=$A8)*canara!$A$2:$A$1217)) -> 44589 | C8: =INDEX(canara!$B$2:$B$1217, MATCH(B8, canara!$A$2:$A$1217, 0)) -> 223.95 | D8: =C8/C7-1 -> -0.023161476 | E8: =SUMPRODUCT(MAX((hdfc!$A$2:$A$1217<=$A8)*hdfc!$A$2:$A$1217)) -> 44592 | F8: =INDEX(hdfc!$B$2:$B$1217, MATCH(E8, hdfc!$A$2:$A$1217, 0)) -> 1020.008 | G8: =F8/F7-1 -> 0.04627902 | H8: =SUMPRODUCT(MAX(('parag parikh'!$A$2:$A$1217<=$A8)*'parag parikh'!$A$2:$A$1217)) -> 44592 | I8: =INDEX('parag parikh'!$B$2:$B$1217, MATCH(H8, 'parag parikh'!$A$2:$A$1217, 0)) -> 52.497 | J8: =I8/I7-1 -> -0.036009402 | K8: =SUMPRODUCT(MAX(('Nifty 500 TRI '!$A$2:$A$1217<=$A8)*'Nifty 500 TRI '!$A$2:$A$1217)) -> 44592 | L8: =INDEX('Nifty 500 TRI '!$B$2:$B$1217, MATCH(K8, 'Nifty 500 TRI '!$A$2:$A$1217, 0)) -> 22881.58 | M8: =L8/L7-1 -> -0.004754059
A9: 44620 | B9: =SUMPRODUCT(MAX((canara!$A$2:$A$1217<=$A9)*canara!$A$2:$A$1217)) -> 44620 | C9: =INDEX(canara!$B$2:$B$1217, MATCH(B9, canara!$A$2:$A$1217, 0)) -> 218.16 | D9: =C9/C8-1 -> -0.025853985 | E9: =SUMPRODUCT(MAX((hdfc!$A$2:$A$1217<=$A9)*hdfc!$A$2:$A$1217)) -> 44620 | F9: =INDEX(hdfc!$B$2:$B$1217, MATCH(E9, hdfc!$A$2:$A$1217, 0)) -> 969.349 | G9: =F9/F8-1 -> -0.049665297 | H9: =SUMPRODUCT(MAX(('parag parikh'!$A$2:$A$1217<=$A9)*'parag parikh'!$A$2:$A$1217)) -> 44620 | I9: =INDEX('parag parikh'!$B$2:$B$1217, MATCH(H9, 'parag parikh'!$A$2:$A$1217, 0)) -> 50.311 | J9: =I9/I8-1 -> -0.041640475 | K9: =SUMPRODUCT(MAX(('Nifty 500 TRI '!$A$2:$A$1217<=$A9)*'Nifty 500 TRI '!$A$2:$A$1217)) -> 44620 | L9: =INDEX('Nifty 500 TRI '!$B$2:$B$1217, MATCH(K9, 'Nifty 500 TRI '!$A$2:$A$1217, 0)) -> 21978.65 | M9: =L9/L8-1 -> -0.039460999
A10: 44651 | B10: =SUMPRODUCT(MAX((canara!$A$2:$A$1217<=$A10)*canara!$A$2:$A$1217)) -> 44651 | C10: =INDEX(canara!$B$2:$B$1217, MATCH(B10, canara!$A$2:$A$1217, 0)) -> 221.85 | D10: =C10/C9-1 -> 0.016914191 | E10: =SUMPRODUCT(MAX((hdfc!$A$2:$A$1217<=$A10)*hdfc!$A$2:$A$1217)) -> 44651 | F10: =INDEX(hdfc!$B$2:$B$1217, MATCH(E10, hdfc!$A$2:$A$1217, 0)) -> 1011.296 | G10: =F10/F9-1 -> 0.043273372 | H10: =SUMPRODUCT(MAX(('parag parikh'!$A$2:$A$1217<=$A10)*'parag parikh'!$A$2:$A$1217)) -> 44651 | I10: =INDEX('parag parikh'!$B$2:$B$1217, MATCH(H10, 'parag parikh'!$A$2:$A$1217, 0)) -> 52.514 | J10: =I10/I9-1 -> 0.043787641 | K10: =SUMPRODUCT(MAX(('Nifty 500 TRI '!$A$2:$A$1217<=$A10)*'Nifty 500 TRI '!$A$2:$A$1217)) -> 44651 | L10: =INDEX('Nifty 500 TRI '!$B$2:$B$1217, MATCH(K10, 'Nifty 500 TRI '!$A$2:$A$1217, 0)) -> 22889.14 | M10: =L10/L9-1 -> 0.041426111
A11: 44681 | B11: =SUMPRODUCT(MAX((canara!$A$2:$A$1217<=$A11)*canara!$A$2:$A$1217)) -> 44680 | C11: =INDEX(canara!$B$2:$B$1217, MATCH(B11, canara!$A$2:$A$1217, 0)) -> 216.53 | D11: =C11/C10-1 -> -0.023980167 | E11: =SUMPRODUCT(MAX((hdfc!$A$2:$A$1217<=$A11)*hdfc!$A$2:$A$1217)) -> 44680 | F11: =INDEX(hdfc!$B$2:$B$1217, MATCH(E11, hdfc!$A$2:$A$1217, 0)) -> 1019.285 | G11: =F11/F10-1 -> 0.0078997643 | H11: =SUMPRODUCT(MAX(('parag parikh'!$A$2:$A$1217<=$A11)*'parag parikh'!$A$2:$A$1217)) -> 44680 | I11: =INDEX('parag parikh'!$B$2:$B$1217, MATCH(H11, 'parag parikh'!$A$2:$A$1217, 0)) -> 50.721 | J11: =I11/I10-1 -> -0.034143276 | K11: =SUMPRODUCT(MAX(('Nifty 500 TRI '!$A$2:$A$1217<=$A11)*'Nifty 500 TRI '!$A$2:$A$1217)) -> 44680 | L11: =INDEX('Nifty 500 TRI '!$B$2:$B$1217, MATCH(K11, 'Nifty 500 TRI '!$A$2:$A$1217, 0)) -> 22726.01 | M11: =L11/L10-1 -> -0.0071269606
A12: 44712 | B12: =SUMPRODUCT(MAX((canara!$A$2:$A$1217<=$A12)*canara!$A$2:$A$1217)) -> 44712 | C12: =INDEX(canara!$B$2:$B$1217, MATCH(B12, canara!$A$2:$A$1217, 0)) -> 208.95 | D12: =C12/C11-1 -> -0.035006697 | E12: =SUMPRODUCT(MAX((hdfc!$A$2:$A$1217<=$A12)*hdfc!$A$2:$A$1217)) -> 44712 | F12: =INDEX(hdfc!$B$2:$B$1217, MATCH(E12, hdfc!$A$2:$A$1217, 0)) -> 997.599 | G12: =F12/F11-1 -> -0.021275698 | H12: =SUMPRODUCT(MAX(('parag parikh'!$A$2:$A$1217<=$A12)*'parag parikh'!$A$2:$A$1217)) -> 44712 | I12: =INDEX('parag parikh'!$B$2:$B$1217, MATCH(H12, 'parag parikh'!$A$2:$A$1217, 0)) -> 49.559 | J12: =I12/I11-1 -> -0.022909643 | K12: =SUMPRODUCT(MAX(('Nifty 500 TRI '!$A$2:$A$1217<=$A12)*'Nifty 500 TRI '!$A$2:$A$1217)) -> 44712 | L12: =INDEX('Nifty 500 TRI '!$B$2:$B$1217, MATCH(K12, 'Nifty 500 TRI '!$A$2:$A$1217, 0)) -> 21765.82 | M12: =L12/L11-1 -> -0.042250707
A13: 44742 | B13: =SUMPRODUCT(MAX((canara!$A$2:$A$1217<=$A13)*canara!$A$2:$A$1217)) -> 44742 | C13: =INDEX(canara!$B$2:$B$1217, MATCH(B13, canara!$A$2:$A$1217, 0)) -> 198.74 | D13: =C13/C12-1 -> -0.048863364 | E13: =SUMPRODUCT(MAX((hdfc!$A$2:$A$1217<=$A13)*hdfc!$A$2:$A$1217)) -> 44742 | F13: =INDEX(hdfc!$B$2:$B$1217, MATCH(E13, hdfc!$A$2:$A$1217, 0)) -> 958.851 | G13: =F13/F12-1 -> -0.038841258 | H13: =SUMPRODUCT(MAX(('parag parikh'!$A$2:$A$1217<=$A13)*'parag parikh'!$A$2:$A$1217)) -> 44742 | I13: =INDEX('parag parikh'!$B$2:$B$1217, MATCH(H13, 'parag parikh'!$A$2:$A$1217, 0)) -> 46.827 | J13: =I13/I12-1 -> -0.055126213 | K13: =SUMPRODUCT(MAX(('Nifty 500 TRI '!$A$2:$A$1217<=$A13)*'Nifty 500 TRI '!$A$2:$A$1217)) -> 44742 | L13: =INDEX('Nifty 500 TRI '!$B$2:$B$1217, MATCH(K13, 'Nifty 500 TRI '!$A$2:$A$1217, 0)) -> 20667.27 | M13: =L13/L12-1 -> -0.050471335
A14: 44773 | B14: =SUMPRODUCT(MAX((canara!$A$2:$A$1217<=$A14)*canara!$A$2:$A$1217)) -> 44771 | C14: =INDEX(canara!$B$2:$B$1217, MATCH(B14, canara!$A$2:$A$1217, 0)) -> 217.67 | D14: =C14/C13-1 -> 0.095250075 | E14: =SUMPRODUCT(MAX((hdfc!$A$2:$A$1217<=$A14)*hdfc!$A$2:$A$1217)) -> 44771 | F14: =INDEX(hdfc!$B$2:$B$1217, MATCH(E14, hdfc!$A$2:$A$1217, 0)) -> 1047.592 | G14: =F14/F13-1 -> 0.092549312 | H14: =SUMPRODUCT(MAX(('parag parikh'!$A$2:$A$1217<=$A14)*'parag parikh'!$A$2:$A$1217)) -> 44771 | I14: =INDEX('parag parikh'!$B$2:$B$1217, MATCH(H14, 'parag parikh'!$A$2:$A$1217, 0)) -> 49.978 | J14: =I14/I13-1 -> 0.067290239 | K14: =SUMPRODUCT(MAX(('Nifty 500 TRI '!$A$2:$A$1217<=$A14)*'Nifty 500 TRI '!$A$2:$A$1217)) -> 44771 | L14: =INDEX('Nifty 500 TRI '!$B$2:$B$1217, MATCH(K14, 'Nifty 500 TRI '!$A$2:$A$1217, 0)) -> 22678.29 | M14: =L14/L13-1 -> 0.097304579
A15: 44804 | B15: =SUMPRODUCT(MAX((canara!$A$2:$A$1217<=$A15)*canara!$A$2:$A$1217)) -> 44804 | C15: =INDEX(canara!$B$2:$B$1217, MATCH(B15, canara!$A$2:$A$1217, 0)) -> 225.07 | D15: =C15/C14-1 -> 0.033996417 | E15: =SUMPRODUCT(MAX((hdfc!$A$2:$A$1217<=$A15)*hdfc!$A$2:$A$1217)) -> 44803 | F15: =INDEX(hdfc!$B$2:$B$1217, MATCH(E15, hdfc!$A$2:$A$1217, 0)) -> 1095.724 | G15: =F15/F14-1 -> 0.045945368 | H15: =SUMPRODUCT(MAX(('parag parikh'!$A$2:$A$1217<=$A15)*'parag parikh'!$A$2:$A$1217)) -> 44803 | I15: =INDEX('parag parikh'!$B$2:$B$1217, MATCH(H15, 'parag parikh'!$A$2:$A$1217, 0)) -> 51.326 | J15: =I15/I14-1 -> 0.026971868 | K15: =SUMPRODUCT(MAX(('Nifty 500 TRI '!$A$2:$A$1217<=$A15)*'Nifty 500 TRI '!$A$2:$A$1217)) -> 44803 | L15: =INDEX('Nifty 500 TRI '!$B$2:$B$1217, MATCH(K15, 'Nifty 500 TRI '!$A$2:$A$1217, 0)) -> 23740.37 | M15: =L15/L14-1 -> 0.046832455
A16: 44834 | B16: =SUMPRODUCT(MAX((canara!$A$2:$A$1217<=$A16)*canara!$A$2:$A$1217)) -> 44834 | C16: =INDEX(canara!$B$2:$B$1217, MATCH(B16, canara!$A$2:$A$1217, 0)) -> 218.67 | D16: =C16/C15-1 -> -0.028435598 | E16: =SUMPRODUCT(MAX((hdfc!$A$2:$A$1217<=$A16)*hdfc!$A$2:$A$1217)) -> 44834 | F16: =INDEX(hdfc!$B$2:$B$1217, MATCH(E16, hdfc!$A$2:$A$1217, 0)) -> 1066.171 | G16: =F16/F15-1 -> -0.026971208 | H16: =SUMPRODUCT(MAX(('parag parikh'!$A$2:$A$1217<=$A16)*'parag parikh'!$A$2:$A$1217)) -> 44834 | I16: =INDEX('parag parikh'!$B$2:$B$1217, MATCH(H16, 'parag parikh'!$A$2:$A$1217, 0)) -> 49.892 | J16: =I16/I15-1 -> -0.027939056 | K16: =SUMPRODUCT(MAX(('Nifty 500 TRI '!$A$2:$A$1217<=$A16)*'Nifty 500 TRI '!$A$2:$A$1217)) -> 44834 | L16: =INDEX('Nifty 500 TRI '!$B$2:$B$1217, MATCH(K16, 'Nifty 500 TRI '!$A$2:$A$1217, 0)) -> 22979.45 | M16: =L16/L15-1 -> -0.032051733
A17: 44865 | B17: =SUMPRODUCT(MAX((canara!$A$2:$A$1217<=$A17)*canara!$A$2:$A$1217)) -> 44865 | C17: =INDEX(canara!$B$2:$B$1217, MATCH(B17, canara!$A$2:$A$1217, 0)) -> 226.89 | D17: =C17/C16-1 -> 0.03759089 | E17: =SUMPRODUCT(MAX((hdfc!$A$2:$A$1217<=$A17)*hdfc!$A$2:$A$1217)) -> 44865 | F17: =INDEX(hdfc!$B$2:$B$1217, MATCH(E17, hdfc!$A$2:$A$1217, 0)) -> 1135.981 | G17: =F17/F16-1 -> 0.065477301 | H17: =SUMPRODUCT(MAX(('parag parikh'!$A$2:$A$1217<=$A17)*'parag parikh'!$A$2:$A$1217)) -> 44865 | I17: =INDEX('parag parikh'!$B$2:$B$1217, MATCH(H17, 'parag parikh'!$A$2:$A$1217, 0)) -> 51.946 | J17: =I17/I16-1 -> 0.041168925 | K17: =SUMPRODUCT(MAX(('Nifty 500 TRI '!$A$2:$A$1217<=$A17)*'Nifty 500 TRI '!$A$2:$A$1217)) -> 44865 | L17: =INDEX('Nifty 500 TRI '!$B$2:$B$1217, MATCH(K17, 'Nifty 500 TRI '!$A$2:$A$1217, 0)) -> 23919.76 | M17: =L17/L16-1 -> 0.040919604
... A63: 46265 | B63: =SUMPRODUCT(MAX((canara!$A$2:$A$1217<=$A63)*canara!$A$2:$A$1217)) -> 46265 | C63: =INDEX(canara!$B$2:$B$1217, MATCH(B63, canara!$A$2:$A$1217, 0)) -> 348.35 | D63: =C63/C62-1 -> 0.0093590635 | E63: =SUMPRODUCT(MAX((hdfc!$A$2:$A$1217<=$A63)*hdfc!$A$2:$A$1217)) -> 46265 | F63: =INDEX(hdfc!$B$2:$B$1217, MATCH(E63, hdfc!$A$2:$A$1217, 0)) -> 2091.928 | G63: =F63/F62-1 -> 0.015584812 | H63: =SUMPRODUCT(MAX(('parag parikh'!$A$2:$A$1217<=$A63)*'parag parikh'!$A$2:$A$1217)) -> 46265 | I63: =INDEX('parag parikh'!$B$2:$B$1217, MATCH(H63, 'parag parikh'!$A$2:$A$1217, 0)) -> 90.783 | J63: =I63/I62-1 -> -0.0137964 | K63: =SUMPRODUCT(MAX(('Nifty 500 TRI '!$A$2:$A$1217<=$A63)*'Nifty 500 TRI '!$A$2:$A$1217)) -> 46265 | L63: =INDEX('Nifty 500 TRI '!$B$2:$B$1217, MATCH(K63, 'Nifty 500 TRI '!$A$2:$A$1217, 0)) -> 37712 | M63: =L63/L62-1 -> 0.00052822754

Sheet canara
A1: Date | B1: Price | C1: Open | D1: High | E1: Low | F1: change
A2: 44475 | B2: 226.99 | C2: 226.99 | D2: 226.99 | E2: 226.99
A3: 44476 | B3: 230.73 | C3: 230.73 | D3: 230.73 | E3: 230.73 | F3: =(B3-B2)/B2 -> 0.016476497
A4: 44477 | B4: 231.43 | C4: 231.43 | D4: 231.43 | E4: 231.43 | F4: =(B4-B3)/B3 -> 0.0030338491
A5: 44480 | B5: 232.51 | C5: 232.51 | D5: 232.51 | E5: 232.51 | F5: =(B5-B4)/B4 -> 0.0046666379
A6: 44481 | B6: 232.88 | C6: 232.88 | D6: 232.88 | E6: 232.88 | F6: =(B6-B5)/B5 -> 0.0015913294
A7: 44482 | B7: 235.94 | C7: 235.94 | D7: 235.94 | E7: 235.94 | F7: =(B7-B6)/B6 -> 0.013139814
A8: 44483 | B8: 237.87 | C8: 237.87 | D8: 237.87 | E8: 237.87 | F8: =(B8-B7)/B7 -> 0.0081800458
A9: 44487 | B9: 238.9 | C9: 238.9 | D9: 238.9 | E9: 238.9 | F9: =(B9-B8)/B8 -> 0.0043300963
A10: 44488 | B10: 236.5 | C10: 236.5 | D10: 236.5 | E10: 236.5 | F10: =(B10-B9)/B9 -> -0.010046044
A11: 44489 | B11: 233.6 | C11: 233.6 | D11: 233.6 | E11: 233.6 | F11: =(B11-B10)/B10 -> -0.012262156
A12: 44490 | B12: 232.55 | C12: 232.55 | D12: 232.55 | E12: 232.55 | F12: =(B12-B11)/B11 -> -0.004494863
A13: 44491 | B13: 231.24 | C13: 231.24 | D13: 231.24 | E13: 231.24 | F13: =(B13-B12)/B12 -> -0.0056331972
A14: 44494 | B14: 231.4 | C14: 231.4 | D14: 231.4 | E14: 231.4 | F14: =(B14-B13)/B13 -> 0.00069192181
... A1217: 46268 | B1217: 343.5 | C1217: 343.5 | D1217: 343.5 | E1217: 343.5 | F1217: =(B1217-B1216)/B1216 -> 0.00020382611

Sheet hdfc
A1: Date | B1: Price | C1: Open | D1: High | E1: Low | F1: change
A2: 44445 | B2: 936.881 | C2: 936.881 | D2: 936.881 | E2: 936.881
A3: 44446 | B3: 933.771 | C3: 933.771 | D3: 933.771 | E3: 933.771 | F3: =(B3-B2)/B2 -> -0.0033195251
A4: 44447 | B4: 937.67 | C4: 937.67 | D4: 937.67 | E4: 937.67 | F4: =(B4-B3)/B3 -> 0.004175542
A5: 44448 | B5: 938.904 | C5: 938.904 | D5: 938.904 | E5: 938.904 | F5: =(B5-B4)/B4 -> 0.001316028
A6: 44452 | B6: 939.967 | C6: 939.967 | D6: 939.967 | E6: 939.967 | F6: =(B6-B5)/B5 -> 0.0011321711
A7: 44453 | B7: 945.278 | C7: 945.278 | D7: 945.278 | E7: 945.278 | F7: =(B7-B6)/B6 -> 0.0056501984
A8: 44454 | B8: 960.474 | C8: 960.474 | D8: 960.474 | E8: 960.474 | F8: =(B8-B7)/B7 -> 0.016075694
A9: 44455 | B9: 969.085 | C9: 969.085 | D9: 969.085 | E9: 969.085 | F9: =(B9-B8)/B8 -> 0.008965365
A10: 44456 | B10: 963.424 | C10: 963.424 | D10: 963.424 | E10: 963.424 | F10: =(B10-B9)/B9 -> -0.0058415928
A11: 44459 | B11: 948.199 | C11: 948.199 | D11: 948.199 | E11: 948.199 | F11: =(B11-B10)/B10 -> -0.015803011
A12: 44460 | B12: 952.484 | C12: 952.484 | D12: 952.484 | E12: 952.484 | F12: =(B12-B11)/B11 -> 0.0045190936
A13: 44461 | B13: 957.157 | C13: 957.157 | D13: 957.157 | E13: 957.157 | F13: =(B13-B12)/B12 -> 0.0049061192
A14: 44462 | B14: 971.833 | C14: 971.833 | D14: 971.833 | E14: 971.833 | F14: =(B14-B13)/B13 -> 0.015332908
... A1217: 46268 | B1217: 2064.619 | C1217: 2064.619 | D1217: 2064.619 | E1217: 2064.619 | F1217: =(B1217-B1216)/B1216 -> 0.001162824

Sheet parag parikh
A1: Date | B1: Price | C1: Open | D1: High | E1: Low | F1: change
A2: 44445 | B2: 51.182 | C2: 51.182 | D2: 51.182 | E2: 51.182
A3: 44446 | B3: 51.161 | C3: 51.161 | D3: 51.161 | E3: 51.161 | F3: =(B3-B2)/B2 -> -0.0004103005
A4: 44447 | B4: 51.515 | C4: 51.515 | D4: 51.515 | E4: 51.515 | F4: =(B4-B3)/B3 -> 0.0069193331
A5: 44448 | B5: 51.665 | C5: 51.665 | D5: 51.665 | E5: 51.665 | F5: =(B5-B4)/B4 -> 0.0029117733
A6: 44452 | B6: 51.679 | C6: 51.679 | D6: 51.679 | E6: 51.679 | F6: =(B6-B5)/B5 -> 0.00027097648
A7: 44453 | B7: 51.837 | C7: 51.837 | D7: 51.837 | E7: 51.837 | F7: =(B7-B6)/B6 -> 0.0030573347
A8: 44454 | B8: 52.211 | C8: 52.211 | D8: 52.211 | E8: 52.211 | F8: =(B8-B7)/B7 -> 0.0072149237
A9: 44455 | B9: 52.83 | C9: 52.83 | D9: 52.83 | E9: 52.83 | F9: =(B9-B8)/B8 -> 0.011855739
A10: 44456 | B10: 52.647 | C10: 52.647 | D10: 52.647 | E10: 52.647 | F10: =(B10-B9)/B9 -> -0.0034639409
A11: 44459 | B11: 52.173 | C11: 52.173 | D11: 52.173 | E11: 52.173 | F11: =(B11-B10)/B10 -> -0.009003362
A12: 44460 | B12: 52.318 | C12: 52.318 | D12: 52.318 | E12: 52.318 | F12: =(B12-B11)/B11 -> 0.0027792153
A13: 44461 | B13: 52.677 | C13: 52.677 | D13: 52.677 | E13: 52.677 | F13: =(B13-B12)/B12 -> 0.0068618831
A14: 44462 | B14: 53.107 | C14: 53.107 | D14: 53.107 | E14: 53.107 | F14: =(B14-B13)/B13 -> 0.0081629554
... A1217: 46268 | B1217: 90.635 | C1217: 90.635 | D1217: 90.635 | E1217: 90.635 | F1217: =(B1217-B1216)/B1216 -> 0.0014695808

Sheet Sheet1

Sheet pivot
A3: Row Labels | B3: Sum of Annualised Std Dev (Risk) | E3: Row Labels | F3: Sum of Beta | G3: Count of Treynor Ratio | H3: Sum of Sharpe Ratio
A4: Canara Robeco | B4: 0.13700581 | E4: Canara Robeco | F4: 0.90837894 | G4: 1 | H4: 0.18677568
A5: HDFC | B5: 0.12792596 | E5: HDFC | F5: 0.81058045 | G5: 1 | H5: 0.78879422
A6: Nifty 500 TRI (Benchmark) | B6: 0.14665464 | E6: Nifty 500 TRI (Benchmark) | F6: 1 | G6: 1 | H6: 0.28464112
A7: Parag Parikh | B7: 0.10649327 | E7: Parag Parikh | F7: 0.64228369 | G7: 1 | H7: 0.49000632
A8: Grand Total | B8: 0.51807967 | E8: Grand Total | F8: 3.3612431 | G8: 4 | H8: 1.7502173
E12: Row Labels | F12: Sum of Beta | G12: Sum of Jensen's Alpha | H12: Sum of Sharpe Ratio | I12: Count of Treynor Ratio | J12: Sum of Annualised Return | K12: Sum of Annualised Std Dev (Risk)
A13: Row Labels | B13: Sum of Annualised Return | E13: Canara Robeco | F13: 0.90837894 | G13: -0.012329963 | H13: 0.18677568 | I13: 1 | J13: 0.090589353 | K13: 0.13700581
A14: Canara Robeco | B14: 0.090589353 | E14: HDFC | F14: 0.81058045 | G14: 0.067070432 | H14: 0.78879422 | I14: 1 | J14: 0.16590725 | K14: 0.12792596
A15: HDFC | B15: 0.16590725 | E15: Nifty 500 TRI (Benchmark) | F15: 1 | G15: 0 | H15: 0.28464112 | I15: 1 | J15: 0.10674394 | K15: 0.14665464
A16: Nifty 500 TRI (Benchmark) | B16: 0.10674394 | E16: Parag Parikh | F16: 0.64228369 | G16: 0.025370923 | H16: 0.49000632 | I16: 1 | J16: 0.11718238 | K16: 0.10649327
A17: Parag Parikh | B17: 0.11718238 | E17: Grand Total | F17: 3.3612431 | G17: 0.080111392 | H17: 1.7502173 | I17: 4 | J17: 0.48042292 | K17: 0.51807967
A18: Grand Total | B18: 0.48042292

Sheet Nifty 500 TRI 
A1: Date | B1: Price | C1: Open | D1: change
A2: 44445 | B2: 22637.89 | C2: 22637.89
A3: 44446 | B3: 22604.92 | C3: 22604.92 | D3: =(B3-B2)/B2 -> -0.0014564078
A4: 44447 | B4: 22641.43 | C4: 22641.43 | D4: =(B4-B3)/B3 -> 0.0016151351
A5: 44448 | B5: 22691.66 | C5: 22691.66 | D5: =(B5-B4)/B4 -> 0.0022184994
A6: 44452 | B6: 22716.99 | C6: 22716.99 | D6: =(B6-B5)/B5 -> 0.0011162691
A7: 44453 | B7: 22797.33 | C7: 22797.33 | D7: =(B7-B6)/B6 -> 0.0035365601
A8: 44454 | B8: 22975.2 | C8: 22975.2 | D8: =(B8-B7)/B7 -> 0.0078022295
A9: 44455 | B9: 23106.08 | C9: 23106.08 | D9: =(B9-B8)/B8 -> 0.0056965772
A10: 44456 | B10: 22987.76 | C10: 22987.76 | D10: =(B10-B9)/B9 -> -0.0051207301
A11: 44459 | B11: 22681.84 | C11: 22681.84 | D11: =(B11-B10)/B10 -> -0.013307952
A12: 44460 | B12: 22865.1 | C12: 22865.1 | D12: =(B12-B11)/B11 -> 0.0080795914
A13: 44461 | B13: 22932.93 | C13: 22932.93 | D13: =(B13-B12)/B12 -> 0.0029665298
A14: 44462 | B14: 23261.84 | C14: 23261.84 | D14: =(B14-B13)/B13 -> 0.014342258
... A1217: 46268 | B1217: 37399.75 | C1217: 37399.75 | D1217: =(B1217-B1216)/B1216 -> 0.0013456676

Sheet dahboard
V12: dashboard
V13: da
